datetime,O,H,L,C,V,OI,WAP
2020-03-30 09:30:00,44.13,44.13,44.13,44.13,38,1,44.13
2020-03-30 09:30:01,44.13,44.13,44.13,44.13,0,0,44.13
2020-03-30 09:30:02,43.93,43.93,43.92,43.93,1,1,43.925
2020-03-30 09:30:03,43.93,43.93,43.92,43.93,0,0,43.93
2020-03-30 09:30:04,43.93,43.93,43.92,43.93,0,0,43.93
2020-03-30 09:30:05,43.93,43.93,43.92,43.93,0,0,43.93
2020-03-30 09:30:06,43.93,43.93,43.92,43.93,0,0,43.93
2020-03-30 09:30:07,43.93,43.93,43.92,43.93,0,0,43.93
2020-03-30 09:30:08,43.93,43.93,43.92,43.93,0,0,43.93
2020-03-30 09:30:09,43.93,43.93,43.92,43.93,0,0,43.93
2020-03-30 09:30:10,43.93,43.93,43.92,43.93,0,0,43.93
2020-03-30 09:30:11,43.93,43.93,43.92,43.93,0,0,43.93
2020-03-30 09:30:12,43.93,43.93,43.92,43.93,0,0,43.93
2020-03-30 09:30:13,43.93,43.93,43.92,43.93,0,0,43.93
2020-03-30 09:30:14,43.93,43.93,43.92,43.93,0,0,43.93
2020-03-30 09:30:15,43.93,43.93,43.92,43.93,0,0,43.93
2020-03-30 09:30:16,43.93,43.93,43.92,43.93,0,0,43.93
2020-03-30 09:30:17,43.93,43.93,43.92,43.93,0,0,43.93
2020-03-30 09:30:18,43.93,43.93,43.92,43.93,0,0,43.93
2020-03-30 09:30:19,43.93,43.93,43.92,43.93,0,0,43.93
2020-03-30 09:30:20,43.93,43.93,43.92,43.93,0,0,43.93
2020-03-30 09:30:21,43.93,43.93,43.92,43.93,0,0,43.93
2020-03-30 09:30:22,43.93,43.93,43.92,43.93,0,0,43.93
2020-03-30 09:30:23,43.93,43.93,43.92,43.93,0,0,43.93
2020-03-30 09:30:24,43.93,43.93,43.92,43.93,0,0,43.93
2020-03-30 09:30:25,43.93,43.93,43.92,43.93,0,0,43.93
2020-03-30 09:30:26,43.93,43.93,43.92,43.93,0,0,43.93
2020-03-30 09:30:27,43.93,43.93,43.92,43.93,0,0,43.93
2020-03-30 09:30:28,43.93,43.93,43.92,43.93,0,0,43.93
2020-03-30 09:30:29,43.93,43.93,43.92,43.93,0,0,43.93
2020-03-30 09:30:30,43.93,43.93,43.92,43.93,0,0,43.93
2020-03-30 09:30:31,43.93,43.93,43.92,43.93,0,0,43.93
2020-03-30 09:30:32,43.93,43.93,43.92,43.93,0,0,43.93
2020-03-30 09:30:33,43.93,43.93,43.92,43.93,0,0,43.93
2020-03-30 09:30:34,43.93,43.93,43.92,43.93,0,0,43.93
2020-03-30 09:30:35,43.93,43.93,43.92,43.93,0,0,43.93
2020-03-30 09:30:36,43.93,43.93,43.92,43.93,0,0,43.93
2020-03-30 09:30:37,43.93,43.93,43.92,43.93,0,0,43.93
2020-03-30 09:30:38,43.93,43.93,43.92,43.93,0,0,43.93
2020-03-30 09:30:39,43.93,43.93,43.92,43.93,0,0,43.93
2020-03-30 09:30:40,43.93,43.93,43.92,43.93,0,0,43.93
2020-03-30 09:30:41,43.93,43.93,43.92,43.93,0,0,43.93
2020-03-30 09:30:42,43.93,43.93,43.92,43.93,0,0,43.93
2020-03-30 09:30:43,43.93,43.93,43.92,43.93,0,0,43.93
2020-03-30 09:30:44,43.93,43.93,43.92,43.93,0,0,43.93
2020-03-30 09:30:45,43.93,43.93,43.92,43.93,0,0,43.93
2020-03-30 09:30:46,43.93,43.93,43.92,43.93,0,0,43.93
2020-03-30 09:30:47,43.93,43.93,43.92,43.93,0,0,43.93
2020-03-30 09:30:48,43.93,43.93,43.92,43.93,0,0,43.93
2020-03-30 09:30:49,43.93,43.93,43.92,43.93,0,0,43.93
2020-03-30 09:30:50,43.93,43.93,43.92,43.93,0,0,43.93
2020-03-30 09:30:51,43.93,43.93,43.92,43.93,0,0,43.93
2020-03-30 09:30:52,43.93,43.93,43.92,43.93,0,0,43.93
2020-03-30 09:30:53,43.93,43.93,43.92,43.93,0,0,43.93
2020-03-30 09:30:54,43.93,43.93,43.92,43.93,0,0,43.93
2020-03-30 09:30:55,43.93,43.93,43.92,43.93,0,0,43.93
2020-03-30 09:30:56,43.93,43.93,43.92,43.93,0,0,43.93
2020-03-30 09:30:57,43.93,43.93,43.92,43.93,0,0,43.93
2020-03-30 09:30:58,43.93,43.93,43.92,43.93,0,0,43.93
2020-03-30 09:30:59,43.93,43.93,43.92,43.93,0,0,43.93
2020-03-30 09:31:00,43.93,43.93,43.92,43.93,0,0,43.93
2020-03-30 09:31:01,43.93,43.93,43.92,43.93,0,0,43.93
2020-03-30 09:31:02,43.93,43.93,43.92,43.93,0,0,43.93
2020-03-30 09:31:03,43.93,43.93,43.92,43.93,0,0,43.93
2020-03-30 09:31:04,43.93,43.93,43.92,43.93,0,0,43.93
2020-03-30 09:31:05,43.93,43.93,43.92,43.93,0,0,43.93
2020-03-30 09:31:06,43.93,43.93,43.92,43.93,0,0,43.93
2020-03-30 09:31:07,43.93,43.93,43.92,43.93,0,0,43.93
2020-03-30 09:31:08,43.93,43.93,43.92,43.93,0,0,43.93
2020-03-30 09:31:09,43.93,43.93,43.92,43.93,0,0,43.93
2020-03-30 09:31:10,43.93,43.93,43.92,43.93,0,0,43.93
2020-03-30 09:31:11,43.93,43.93,43.92,43.93,0,0,43.93
2020-03-30 09:31:12,43.93,43.93,43.92,43.93,0,0,43.93
2020-03-30 09:31:13,43.93,43.93,43.92,43.93,0,0,43.93
2020-03-30 09:31:14,43.93,43.93,43.92,43.93,0,0,43.93
2020-03-30 09:31:15,43.93,43.93,43.92,43.93,0,0,43.93
2020-03-30 09:31:16,43.93,43.93,43.92,43.93,0,0,43.93
2020-03-30 09:31:17,43.93,43.93,43.92,43.93,0,0,43.93
2020-03-30 09:31:18,43.93,43.93,43.92,43.93,0,0,43.93
2020-03-30 09:31:19,43.93,43.93,43.92,43.93,0,0,43.93
2020-03-30 09:31:20,43.93,43.93,43.92,43.93,0,0,43.93
2020-03-30 09:31:21,43.93,43.93,43.92,43.93,0,0,43.93
2020-03-30 09:31:22,43.93,43.93,43.92,43.93,0,0,43.93
2020-03-30 09:31:23,43.93,43.93,43.92,43.93,0,0,43.93
2020-03-30 09:31:24,43.93,43.93,43.92,43.93,0,0,43.93
2020-03-30 09:31:25,43.93,43.93,43.92,43.93,0,0,43.93
2020-03-30 09:31:26,43.93,43.93,43.92,43.93,0,0,43.93
2020-03-30 09:31:27,43.93,43.93,43.92,43.93,0,0,43.93
2020-03-30 09:31:28,43.93,43.93,43.92,43.93,0,0,43.93
2020-03-30 09:31:29,43.93,43.93,43.92,43.93,0,0,43.93
2020-03-30 09:31:30,43.93,43.93,43.92,43.93,0,0,43.93
2020-03-30 09:31:31,43.93,43.93,43.92,43.93,0,0,43.93
2020-03-30 09:31:32,43.93,43.93,43.92,43.93,0,0,43.93
2020-03-30 09:31:33,43.93,43.93,43.92,43.93,0,0,43.93
2020-03-30 09:31:34,43.93,43.93,43.92,43.93,0,0,43.93
2020-03-30 09:31:35,43.93,43.93,43.92,43.93,0,0,43.93
2020-03-30 09:31:36,43.93,43.93,43.92,43.93,0,0,43.93
2020-03-30 09:31:37,43.93,43.93,43.92,43.93,0,0,43.93
2020-03-30 09:31:38,43.93,43.93,43.92,43.93,0,0,43.93
2020-03-30 09:31:39,43.93,43.93,43.92,43.93,0,0,43.93
2020-03-30 09:31:40,43.93,43.93,43.92,43.93,0,0,43.93
2020-03-30 09:31:41,43.93,43.93,43.92,43.93,0,0,43.93
2020-03-30 09:31:42,43.93,43.93,43.92,43.93,0,0,43.93
2020-03-30 09:31:43,43.93,43.93,43.92,43.93,0,0,43.93
2020-03-30 09:31:44,43.93,43.93,43.92,43.93,0,0,43.93
2020-03-30 09:31:45,43.93,43.93,43.92,43.93,0,0,43.93
2020-03-30 09:31:46,43.93,43.93,43.92,43.93,0,0,43.93
2020-03-30 09:31:47,43.93,43.93,43.92,43.93,0,0,43.93
2020-03-30 09:31:48,43.93,43.93,43.92,43.93,0,0,43.93
2020-03-30 09:31:49,43.93,43.93,43.92,43.93,0,0,43.93
2020-03-30 09:31:50,43.93,43.93,43.92,43.93,0,0,43.93
2020-03-30 09:31:51,43.93,43.93,43.92,43.93,0,0,43.93
2020-03-30 09:31:52,43.93,43.93,43.92,43.93,0,0,43.93
2020-03-30 09:31:53,43.93,43.93,43.92,43.93,0,0,43.93
2020-03-30 09:31:54,43.93,43.93,43.92,43.93,0,0,43.93
2020-03-30 09:31:55,43.93,43.93,43.92,43.93,0,0,43.93
2020-03-30 09:31:56,43.93,43.93,43.92,43.93,0,0,43.93
2020-03-30 09:31:57,43.93,43.93,43.92,43.93,0,0,43.93
2020-03-30 09:31:58,43.93,43.93,43.92,43.93,0,0,43.93
2020-03-30 09:31:59,43.93,43.93,43.92,43.93,0,0,43.93
2020-03-30 09:32:00,43.93,43.93,43.92,43.93,0,0,43.93
2020-03-30 09:32:01,43.93,43.93,43.92,43.93,0,0,43.93
2020-03-30 09:32:02,43.93,43.93,43.92,43.93,0,0,43.93
2020-03-30 09:32:03,43.93,43.93,43.92,43.93,0,0,43.93
2020-03-30 09:32:04,43.93,43.93,43.92,43.93,0,0,43.93
2020-03-30 09:32:05,43.93,43.93,43.92,43.93,0,0,43.93
2020-03-30 09:32:06,43.93,43.93,43.92,43.93,0,0,43.93
2020-03-30 09:32:07,43.93,43.93,43.92,43.93,0,0,43.93
2020-03-30 09:32:08,43.93,43.93,43.92,43.93,0,0,43.93
2020-03-30 09:32:09,43.93,43.93,43.92,43.93,0,0,43.93
2020-03-30 09:32:10,43.93,43.93,43.92,43.93,0,0,43.93
2020-03-30 09:32:11,43.93,43.93,43.92,43.93,0,0,43.93
2020-03-30 09:32:12,43.93,43.93,43.92,43.93,0,0,43.93
2020-03-30 09:32:13,43.93,43.93,43.92,43.93,0,0,43.93
2020-03-30 09:32:14,43.93,43.93,43.92,43.93,0,0,43.93
2020-03-30 09:32:15,43.93,43.93,43.92,43.93,0,0,43.93
2020-03-30 09:32:16,43.93,43.93,43.92,43.93,0,0,43.93
2020-03-30 09:32:17,43.93,43.93,43.92,43.93,0,0,43.93
2020-03-30 09:32:18,43.93,43.93,43.92,43.93,0,0,43.93
2020-03-30 09:32:19,43.93,43.93,43.92,43.93,0,0,43.93
2020-03-30 09:32:20,43.93,43.93,43.92,43.93,0,0,43.93
2020-03-30 09:32:21,43.93,43.93,43.92,43.93,0,0,43.93
2020-03-30 09:32:22,43.93,43.93,43.92,43.93,0,0,43.93
2020-03-30 09:32:23,43.93,43.93,43.92,43.93,0,0,43.93
2020-03-30 09:32:24,43.93,43.93,43.92,43.93,0,0,43.93
2020-03-30 09:32:25,43.93,43.93,43.92,43.93,0,0,43.93
2020-03-30 09:32:26,43.93,43.93,43.92,43.93,0,0,43.93
2020-03-30 09:32:27,43.93,43.93,43.92,43.93,0,0,43.93
2020-03-30 09:32:28,43.93,43.93,43.92,43.93,0,0,43.93
2020-03-30 09:32:29,43.93,43.93,43.92,43.93,0,0,43.93
2020-03-30 09:32:30,43.93,43.93,43.92,43.93,0,0,43.93
2020-03-30 09:32:31,43.93,43.93,43.92,43.93,0,0,43.93
2020-03-30 09:32:32,43.93,43.93,43.92,43.93,0,0,43.93
2020-03-30 09:32:33,43.93,43.93,43.92,43.93,0,0,43.93
2020-03-30 09:32:34,43.93,43.93,43.92,43.93,0,0,43.93
2020-03-30 09:32:35,43.93,43.93,43.92,43.93,0,0,43.93
2020-03-30 09:32:36,43.93,43.93,43.92,43.93,0,0,43.93
2020-03-30 09:32:37,43.93,43.93,43.92,43.93,0,0,43.93
2020-03-30 09:32:38,43.93,43.93,43.92,43.93,0,0,43.93
2020-03-30 09:32:39,43.93,43.93,43.92,43.93,0,0,43.93
2020-03-30 09:32:40,43.93,43.93,43.92,43.93,0,0,43.93
2020-03-30 09:32:41,43.93,43.93,43.92,43.93,0,0,43.93
2020-03-30 09:32:42,43.93,43.93,43.92,43.93,0,0,43.93
2020-03-30 09:32:43,43.93,43.93,43.92,43.93,0,0,43.93
2020-03-30 09:32:44,43.93,43.93,43.92,43.93,0,0,43.93
2020-03-30 09:32:45,43.93,43.93,43.92,43.93,0,0,43.93
2020-03-30 09:32:46,43.93,43.93,43.92,43.93,0,0,43.93
2020-03-30 09:32:47,43.93,43.93,43.92,43.93,0,0,43.93
2020-03-30 09:32:48,43.93,43.93,43.92,43.93,0,0,43.93
2020-03-30 09:32:49,43.93,43.93,43.92,43.93,0,0,43.93
2020-03-30 09:32:50,43.93,43.93,43.92,43.93,0,0,43.93
2020-03-30 09:32:51,43.93,43.93,43.92,43.93,0,0,43.93
2020-03-30 09:32:52,43.93,43.93,43.92,43.93,0,0,43.93
2020-03-30 09:32:53,43.93,43.93,43.92,43.93,0,0,43.93
2020-03-30 09:32:54,43.93,43.93,43.92,43.93,0,0,43.93
2020-03-30 09:32:55,43.93,43.93,43.92,43.93,0,0,43.93
2020-03-30 09:32:56,43.93,43.93,43.92,43.93,0,0,43.93
2020-03-30 09:32:57,43.93,43.93,43.92,43.93,0,0,43.93
2020-03-30 09:32:58,43.93,43.93,43.92,43.93,0,0,43.93
2020-03-30 09:32:59,43.93,43.93,43.92,43.93,0,0,43.93
2020-03-30 09:33:00,43.93,43.93,43.92,43.93,0,0,43.93
2020-03-30 09:33:01,43.93,43.93,43.92,43.93,0,0,43.93
2020-03-30 09:33:02,43.93,43.93,43.92,43.93,0,0,43.93
2020-03-30 09:33:03,43.93,43.93,43.92,43.93,0,0,43.93
2020-03-30 09:33:04,43.93,43.93,43.92,43.93,0,0,43.93
2020-03-30 09:33:05,43.93,43.93,43.92,43.93,0,0,43.93
2020-03-30 09:33:06,43.93,43.93,43.92,43.93,0,0,43.93
2020-03-30 09:33:07,43.93,43.93,43.92,43.93,0,0,43.93
2020-03-30 09:33:08,43.93,43.93,43.92,43.93,0,0,43.93
2020-03-30 09:33:09,43.93,43.93,43.92,43.93,0,0,43.93
2020-03-30 09:33:10,43.93,43.93,43.92,43.93,0,0,43.93
2020-03-30 09:33:11,43.93,43.93,43.92,43.93,0,0,43.93
2020-03-30 09:33:12,43.93,43.93,43.92,43.93,0,0,43.93
2020-03-30 09:33:13,43.93,43.93,43.92,43.93,0,0,43.93
2020-03-30 09:33:14,43.93,43.93,43.92,43.93,0,0,43.93
2020-03-30 09:33:15,43.93,43.93,43.92,43.93,0,0,43.93
2020-03-30 09:33:16,43.93,43.93,43.92,43.93,0,0,43.93
2020-03-30 09:33:17,43.93,43.93,43.92,43.93,0,0,43.93
2020-03-30 09:33:18,43.93,43.93,43.92,43.93,0,0,43.93
2020-03-30 09:33:19,43.93,43.93,43.92,43.93,0,0,43.93
2020-03-30 09:33:20,43.93,43.93,43.92,43.93,0,0,43.93
2020-03-30 09:33:21,43.93,43.93,43.92,43.93,0,0,43.93
2020-03-30 09:33:22,43.93,43.93,43.92,43.93,0,0,43.93
2020-03-30 09:33:23,43.93,43.93,43.92,43.93,0,0,43.93
2020-03-30 09:33:24,43.93,43.93,43.92,43.93,0,0,43.93
2020-03-30 09:33:25,43.93,43.93,43.92,43.93,0,0,43.93
2020-03-30 09:33:26,43.93,43.93,43.92,43.93,0,0,43.93
2020-03-30 09:33:27,43.93,43.93,43.92,43.93,0,0,43.93
2020-03-30 09:33:28,43.93,43.93,43.92,43.93,0,0,43.93
2020-03-30 09:33:29,43.93,43.93,43.92,43.93,0,0,43.93
2020-03-30 09:33:30,43.93,43.93,43.92,43.93,0,0,43.93
2020-03-30 09:33:31,43.93,43.93,43.92,43.93,0,0,43.93
2020-03-30 09:33:32,43.93,43.93,43.92,43.93,0,0,43.93
2020-03-30 09:33:33,43.93,43.93,43.92,43.93,0,0,43.93
2020-03-30 09:33:34,43.93,43.93,43.92,43.93,0,0,43.93
2020-03-30 09:33:35,43.93,43.93,43.92,43.93,0,0,43.93
2020-03-30 09:33:36,43.93,43.93,43.92,43.93,0,0,43.93
2020-03-30 09:33:37,43.93,43.93,43.92,43.93,0,0,43.93
2020-03-30 09:33:38,43.93,43.93,43.92,43.93,0,0,43.93
2020-03-30 09:33:39,43.93,43.93,43.92,43.93,0,0,43.93
2020-03-30 09:33:40,43.93,43.93,43.92,43.93,0,0,43.93
2020-03-30 09:33:41,43.93,43.93,43.92,43.93,0,0,43.93
2020-03-30 09:33:42,43.93,43.93,43.92,43.93,0,0,43.93
2020-03-30 09:33:43,43.93,43.93,43.92,43.93,0,0,43.93
2020-03-30 09:33:44,43.93,43.93,43.92,43.93,0,0,43.93
2020-03-30 09:33:45,43.93,43.93,43.92,43.93,0,0,43.93
2020-03-30 09:33:46,43.93,43.93,43.92,43.93,0,0,43.93
2020-03-30 09:33:47,43.93,43.93,43.92,43.93,0,0,43.93
2020-03-30 09:33:48,43.93,43.93,43.92,43.93,0,0,43.93
2020-03-30 09:33:49,43.93,43.93,43.92,43.93,0,0,43.93
2020-03-30 09:33:50,43.93,43.93,43.92,43.93,0,0,43.93
2020-03-30 09:33:51,43.93,43.93,43.92,43.93,0,0,43.93
2020-03-30 09:33:52,43.93,43.93,43.92,43.93,0,0,43.93
2020-03-30 09:33:53,43.93,43.93,43.92,43.93,0,0,43.93
2020-03-30 09:33:54,43.93,43.93,43.92,43.93,0,0,43.93
2020-03-30 09:33:55,43.93,43.93,43.92,43.93,0,0,43.93
2020-03-30 09:33:56,43.93,43.93,43.92,43.93,0,0,43.93
2020-03-30 09:33:57,43.93,43.93,43.92,43.93,0,0,43.93
2020-03-30 09:33:58,43.93,43.93,43.92,43.93,0,0,43.93
2020-03-30 09:33:59,43.93,43.93,43.92,43.93,0,0,43.93
2020-03-30 09:34:00,43.93,43.93,43.92,43.93,0,0,43.93
2020-03-30 09:34:01,43.93,43.93,43.92,43.93,0,0,43.93
2020-03-30 09:34:02,43.93,43.93,43.92,43.93,0,0,43.93
2020-03-30 09:34:03,43.93,43.93,43.92,43.93,0,0,43.93
2020-03-30 09:34:04,43.93,43.93,43.92,43.93,0,0,43.93
2020-03-30 09:34:05,43.93,43.93,43.92,43.93,0,0,43.93
2020-03-30 09:34:06,43.93,43.93,43.92,43.93,0,0,43.93
2020-03-30 09:34:07,43.93,43.93,43.92,43.93,0,0,43.93
2020-03-30 09:34:08,43.93,43.93,43.92,43.93,0,0,43.93
2020-03-30 09:34:09,43.93,43.93,43.92,43.93,0,0,43.93
2020-03-30 09:34:10,43.93,43.93,43.92,43.93,0,0,43.93
2020-03-30 09:34:11,43.93,43.93,43.92,43.93,0,0,43.93
2020-03-30 09:34:12,43.93,43.93,43.92,43.93,0,0,43.93
2020-03-30 09:34:13,43.93,43.93,43.92,43.93,0,0,43.93
2020-03-30 09:34:14,43.93,43.93,43.92,43.93,0,0,43.93
2020-03-30 09:34:15,43.93,43.93,43.92,43.93,0,0,43.93
2020-03-30 09:34:16,43.93,43.93,43.92,43.93,0,0,43.93
2020-03-30 09:34:17,43.93,43.93,43.92,43.93,0,0,43.93
2020-03-30 09:34:18,43.93,43.93,43.92,43.93,0,0,43.93
2020-03-30 09:34:19,43.55,44.28,43.55,44.28,2,2,43.915
2020-03-30 09:34:20,44.28,44.28,44.28,44.28,0,0,44.28
2020-03-30 09:34:21,44.28,44.28,44.28,44.28,0,0,44.28
2020-03-30 09:34:22,44.28,44.28,44.28,44.28,0,0,44.28
2020-03-30 09:34:23,44.28,44.28,44.28,44.28,0,0,44.28
2020-03-30 09:34:24,44.28,44.28,44.28,44.28,0,0,44.28
2020-03-30 09:34:25,44.28,44.28,44.28,44.28,0,0,44.28
2020-03-30 09:34:26,44.28,44.28,44.28,44.28,0,0,44.28
2020-03-30 09:34:27,44.28,44.28,44.28,44.28,0,0,44.28
2020-03-30 09:34:28,44.28,44.28,44.28,44.28,0,0,44.28
2020-03-30 09:34:29,44.28,44.28,44.28,44.28,0,0,44.28
2020-03-30 09:34:30,44.28,44.28,44.28,44.28,0,0,44.28
2020-03-30 09:34:31,44.28,44.28,44.28,44.28,0,0,44.28
2020-03-30 09:34:32,44.28,44.28,44.28,44.28,0,0,44.28
2020-03-30 09:34:33,44.28,44.28,44.28,44.28,0,0,44.28
2020-03-30 09:34:34,44.28,44.28,44.28,44.28,0,0,44.28
2020-03-30 09:34:35,44.28,44.28,44.28,44.28,0,0,44.28
2020-03-30 09:34:36,43.56,44.28,43.56,44.28,2,2,43.92
2020-03-30 09:34:37,44.28,44.28,44.28,44.28,0,0,44.28
2020-03-30 09:34:38,44.28,44.28,44.28,44.28,0,0,44.28
2020-03-30 09:34:39,44.28,44.28,44.28,44.28,0,0,44.28
2020-03-30 09:34:40,44.28,44.28,44.28,44.28,0,0,44.28
2020-03-30 09:34:41,44.28,44.28,44.28,44.28,0,0,44.28
2020-03-30 09:34:42,44.28,44.28,44.28,44.28,0,0,44.28
2020-03-30 09:34:43,44.28,44.28,44.28,44.28,0,0,44.28
2020-03-30 09:34:44,44.28,44.28,44.28,44.28,0,0,44.28
2020-03-30 09:34:45,44.28,44.28,44.28,44.28,0,0,44.28
2020-03-30 09:34:46,44.28,44.28,44.28,44.28,0,0,44.28
2020-03-30 09:34:47,44.28,44.28,44.28,44.28,0,0,44.28
2020-03-30 09:34:48,44.81,44.81,44.81,44.81,1,1,44.81
2020-03-30 09:34:49,44.81,44.81,44.81,44.81,0,0,44.81
2020-03-30 09:34:50,44.81,44.81,44.81,44.81,0,0,44.81
2020-03-30 09:34:51,44.81,44.81,44.81,44.81,0,0,44.81
2020-03-30 09:34:52,44.81,44.81,44.81,44.81,0,0,44.81
2020-03-30 09:34:53,44.81,44.81,44.81,44.81,0,0,44.81
2020-03-30 09:34:54,44.81,44.81,44.81,44.81,0,0,44.81
2020-03-30 09:34:55,44.81,44.81,44.81,44.81,0,0,44.81
2020-03-30 09:34:56,44.81,44.81,44.81,44.81,0,0,44.81
2020-03-30 09:34:57,44.81,44.81,44.81,44.81,0,0,44.81
2020-03-30 09:34:58,44.81,44.81,44.81,44.81,0,0,44.81
2020-03-30 09:34:59,44.81,44.81,44.81,44.81,0,0,44.81
2020-03-30 09:35:00,43.93,43.93,43.93,43.93,1,1,43.93
2020-03-30 09:35:01,43.93,43.93,43.93,43.93,0,0,43.93
2020-03-30 09:35:02,43.93,43.93,43.93,43.93,0,0,43.93
2020-03-30 09:35:03,43.93,43.93,43.93,43.93,0,0,43.93
2020-03-30 09:35:04,43.93,43.93,43.93,43.93,0,0,43.93
2020-03-30 09:35:05,43.93,43.93,43.93,43.93,0,0,43.93
2020-03-30 09:35:06,43.93,43.93,43.93,43.93,0,0,43.93
2020-03-30 09:35:07,43.93,43.93,43.93,43.93,0,0,43.93
2020-03-30 09:35:08,43.93,43.93,43.93,43.93,0,0,43.93
2020-03-30 09:35:09,43.93,43.93,43.93,43.93,0,0,43.93
2020-03-30 09:35:10,43.93,43.93,43.93,43.93,0,0,43.93
2020-03-30 09:35:11,43.93,43.93,43.93,43.93,0,0,43.93
2020-03-30 09:35:12,43.93,43.93,43.93,43.93,0,0,43.93
2020-03-30 09:35:13,43.93,43.93,43.93,43.93,0,0,43.93
2020-03-30 09:35:14,43.93,43.93,43.93,43.93,0,0,43.93
2020-03-30 09:35:15,43.93,43.93,43.93,43.93,0,0,43.93
2020-03-30 09:35:16,43.93,43.93,43.93,43.93,0,0,43.93
2020-03-30 09:35:17,43.93,43.93,43.93,43.93,0,0,43.93
2020-03-30 09:35:18,43.93,43.93,43.93,43.93,0,0,43.93
2020-03-30 09:35:19,43.93,43.93,43.93,43.93,0,0,43.93
2020-03-30 09:35:20,43.93,43.93,43.93,43.93,0,0,43.93
2020-03-30 09:35:21,45.02,45.02,44.3,45.0,44,3,44.969
2020-03-30 09:35:22,44.94,44.94,44.3,44.3,2,2,44.62
2020-03-30 09:35:23,44.3,44.3,44.3,44.3,0,0,44.3
2020-03-30 09:35:24,44.3,44.3,44.3,44.3,0,0,44.3
2020-03-30 09:35:25,44.3,44.3,44.3,44.3,0,0,44.3
2020-03-30 09:35:26,44.3,44.3,44.3,44.3,0,0,44.3
2020-03-30 09:35:27,44.3,44.3,44.3,44.3,0,0,44.3
2020-03-30 09:35:28,43.6,43.6,43.6,43.6,2,1,43.6
2020-03-30 09:35:29,43.6,43.6,43.6,43.6,0,0,43.6
2020-03-30 09:35:30,44.29,44.95,44.29,44.95,2,2,44.62
2020-03-30 09:35:31,44.95,44.95,44.95,44.95,0,0,44.95
2020-03-30 09:35:32,44.95,44.95,44.95,44.95,0,0,44.95
2020-03-30 09:35:33,44.29,44.29,44.29,44.29,1,1,44.29
2020-03-30 09:35:34,44.29,44.29,44.29,44.29,0,0,44.29
2020-03-30 09:35:35,44.29,44.29,44.29,44.29,0,0,44.29
2020-03-30 09:35:36,44.29,44.29,44.29,44.29,0,0,44.29
2020-03-30 09:35:37,44.29,44.29,44.29,44.29,0,0,44.29
2020-03-30 09:35:38,44.29,44.29,44.29,44.29,0,0,44.29
2020-03-30 09:35:39,44.29,44.29,44.29,44.29,0,0,44.29
2020-03-30 09:35:40,44.29,44.29,44.29,44.29,0,0,44.29
2020-03-30 09:35:41,44.29,44.29,44.29,44.29,0,0,44.29
2020-03-30 09:35:42,44.29,44.29,44.29,44.29,0,0,44.29
2020-03-30 09:35:43,44.94,44.94,44.94,44.94,1,1,44.94
2020-03-30 09:35:44,44.94,44.94,44.94,44.94,0,0,44.94
2020-03-30 09:35:45,44.94,44.94,44.94,44.94,0,0,44.94
2020-03-30 09:35:46,44.94,44.94,44.94,44.94,0,0,44.94
2020-03-30 09:35:47,44.94,44.94,44.94,44.94,0,0,44.94
2020-03-30 09:35:48,44.94,44.94,44.94,44.94,0,0,44.94
2020-03-30 09:35:49,44.94,44.94,44.94,44.94,0,0,44.94
2020-03-30 09:35:50,44.94,44.94,44.94,44.94,0,0,44.94
2020-03-30 09:35:51,44.94,44.94,44.94,44.94,0,0,44.94
2020-03-30 09:35:52,44.94,44.94,44.94,44.94,0,0,44.94
2020-03-30 09:35:53,44.88,44.95,44.88,44.95,5,5,44.936
2020-03-30 09:35:54,44.95,44.95,44.95,44.95,0,0,44.95
2020-03-30 09:35:55,44.95,44.95,44.95,44.95,0,0,44.95
2020-03-30 09:35:56,43.63,43.63,43.63,43.63,1,1,43.63
2020-03-30 09:35:57,43.63,43.63,43.63,43.63,0,0,43.63
2020-03-30 09:35:58,43.95,43.95,43.95,43.95,1,1,43.95
2020-03-30 09:35:59,43.95,43.95,43.95,43.95,0,0,43.95
2020-03-30 09:36:00,43.95,43.95,43.95,43.95,0,0,43.95
2020-03-30 09:36:01,43.95,43.95,43.95,43.95,0,0,43.95
2020-03-30 09:36:02,43.95,43.95,43.95,43.95,0,0,43.95
2020-03-30 09:36:03,43.95,43.95,43.95,43.95,0,0,43.95
2020-03-30 09:36:04,43.95,43.95,43.95,43.95,0,0,43.95
2020-03-30 09:36:05,43.95,43.95,43.95,43.95,0,0,43.95
2020-03-30 09:36:06,43.95,43.95,43.95,43.95,0,0,43.95
2020-03-30 09:36:07,43.95,43.95,43.95,43.95,0,0,43.95
2020-03-30 09:36:08,44.75,44.75,44.75,44.75,2,2,44.75
2020-03-30 09:36:09,44.75,44.75,44.75,44.75,0,0,44.75
2020-03-30 09:36:10,44.75,44.75,44.75,44.75,0,0,44.75
2020-03-30 09:36:11,44.75,44.75,44.75,44.75,0,0,44.75
2020-03-30 09:36:12,44.75,44.75,44.75,44.75,0,0,44.75
2020-03-30 09:36:13,44.27,44.28,44.27,44.27,1,1,44.275
2020-03-30 09:36:14,44.27,44.28,44.27,44.27,0,0,44.27
2020-03-30 09:36:15,44.27,44.28,44.27,44.27,0,0,44.27
2020-03-30 09:36:16,44.27,44.28,44.27,44.27,0,0,44.27
2020-03-30 09:36:17,44.27,44.28,44.27,44.27,0,0,44.27
2020-03-30 09:36:18,44.27,44.28,44.27,44.27,0,0,44.27
2020-03-30 09:36:19,44.27,44.28,44.27,44.27,0,0,44.27
2020-03-30 09:36:20,44.27,44.28,44.27,44.27,0,0,44.27
2020-03-30 09:36:21,44.89,44.89,44.88,44.88,2,2,44.885
2020-03-30 09:36:22,44.88,44.88,44.88,44.88,0,0,44.88
2020-03-30 09:36:23,44.88,44.88,44.88,44.88,0,0,44.88
2020-03-30 09:36:24,44.88,44.88,44.88,44.88,0,0,44.88
2020-03-30 09:36:25,44.88,44.88,44.88,44.88,0,0,44.88
2020-03-30 09:36:26,44.88,44.88,44.88,44.88,0,0,44.88
2020-03-30 09:36:27,44.88,44.88,44.88,44.88,0,0,44.88
2020-03-30 09:36:28,44.91,44.91,44.31,44.31,2,2,44.61
2020-03-30 09:36:29,44.31,44.31,44.31,44.31,0,0,44.31
2020-03-30 09:36:30,44.31,44.31,44.31,44.31,0,0,44.31
2020-03-30 09:36:31,44.31,44.31,44.31,44.31,0,0,44.31
2020-03-30 09:36:32,44.31,44.31,44.31,44.31,0,0,44.31
2020-03-30 09:36:33,44.31,44.31,44.31,44.31,0,0,44.31
2020-03-30 09:36:34,44.31,44.31,44.31,44.31,0,0,44.31
2020-03-30 09:36:35,44.31,44.31,44.31,44.31,0,0,44.31
2020-03-30 09:36:36,44.31,44.31,44.31,44.31,0,0,44.31
2020-03-30 09:36:37,44.31,44.31,44.31,44.31,0,0,44.31
2020-03-30 09:36:38,44.31,44.31,44.31,44.31,0,0,44.31
2020-03-30 09:36:39,44.31,44.31,44.31,44.31,0,0,44.31
2020-03-30 09:36:40,44.31,44.31,44.31,44.31,0,0,44.31
2020-03-30 09:36:41,44.31,44.31,44.31,44.31,0,0,44.31
2020-03-30 09:36:42,44.31,44.31,44.31,44.31,0,0,44.31
2020-03-30 09:36:43,44.31,44.31,44.31,44.31,0,0,44.31
2020-03-30 09:36:44,44.31,44.31,44.31,44.31,0,0,44.31
2020-03-30 09:36:45,44.31,44.31,44.31,44.31,0,0,44.31
2020-03-30 09:36:46,44.31,44.31,44.31,44.31,0,0,44.31
2020-03-30 09:36:47,44.31,44.31,44.31,44.31,0,0,44.31
2020-03-30 09:36:48,44.31,44.31,44.31,44.31,0,0,44.31
2020-03-30 09:36:49,44.31,44.31,44.31,44.31,0,0,44.31
2020-03-30 09:36:50,44.31,44.31,44.31,44.31,0,0,44.31
2020-03-30 09:36:51,44.31,44.31,44.31,44.31,0,0,44.31
2020-03-30 09:36:52,44.31,44.31,44.31,44.31,0,0,44.31
2020-03-30 09:36:53,44.31,44.31,44.31,44.31,0,0,44.31
2020-03-30 09:36:54,44.31,44.31,44.31,44.31,0,0,44.31
2020-03-30 09:36:55,44.31,44.31,44.31,44.31,0,0,44.31
2020-03-30 09:36:56,44.31,44.31,44.31,44.31,0,0,44.31
2020-03-30 09:36:57,44.31,44.31,44.31,44.31,0,0,44.31
2020-03-30 09:36:58,44.31,44.31,44.31,44.31,0,0,44.31
2020-03-30 09:36:59,44.31,44.31,44.31,44.31,0,0,44.31
2020-03-30 09:37:00,44.31,44.31,44.31,44.31,0,0,44.31
2020-03-30 09:37:01,44.31,44.31,44.31,44.31,0,0,44.31
2020-03-30 09:37:02,44.31,44.31,44.31,44.31,0,0,44.31
2020-03-30 09:37:03,44.31,44.31,44.31,44.31,0,0,44.31
2020-03-30 09:37:04,44.31,44.31,44.31,44.31,0,0,44.31
2020-03-30 09:37:05,44.31,44.31,44.31,44.31,0,0,44.31
2020-03-30 09:37:06,44.31,44.31,44.31,44.31,0,0,44.31
2020-03-30 09:37:07,44.31,44.31,44.31,44.31,0,0,44.31
2020-03-30 09:37:08,44.31,44.31,44.31,44.31,0,0,44.31
2020-03-30 09:37:09,44.31,44.31,44.31,44.31,0,0,44.31
2020-03-30 09:37:10,44.31,44.31,44.31,44.31,0,0,44.31
2020-03-30 09:37:11,44.31,44.31,44.31,44.31,0,0,44.31
2020-03-30 09:37:12,44.31,44.31,44.31,44.31,0,0,44.31
2020-03-30 09:37:13,44.31,44.31,44.31,44.31,0,0,44.31
2020-03-30 09:37:14,44.31,44.31,44.31,44.31,0,0,44.31
2020-03-30 09:37:15,44.31,44.31,44.31,44.31,0,0,44.31
2020-03-30 09:37:16,44.31,44.31,44.31,44.31,0,0,44.31
2020-03-30 09:37:17,44.31,44.31,44.31,44.31,0,0,44.31
2020-03-30 09:37:18,44.31,44.31,44.31,44.31,0,0,44.31
2020-03-30 09:37:19,44.31,44.31,44.31,44.31,0,0,44.31
2020-03-30 09:37:20,44.31,44.31,44.31,44.31,0,0,44.31
2020-03-30 09:37:21,44.31,44.31,44.31,44.31,0,0,44.31
2020-03-30 09:37:22,44.31,44.31,44.31,44.31,0,0,44.31
2020-03-30 09:37:23,44.31,44.31,44.31,44.31,0,0,44.31
2020-03-30 09:37:24,44.31,44.31,44.31,44.31,0,0,44.31
2020-03-30 09:37:25,44.31,44.31,44.31,44.31,0,0,44.31
2020-03-30 09:37:26,44.31,44.31,44.31,44.31,0,0,44.31
2020-03-30 09:37:27,44.31,44.31,44.31,44.31,0,0,44.31
2020-03-30 09:37:28,44.31,44.31,44.31,44.31,0,0,44.31
2020-03-30 09:37:29,44.31,44.31,44.31,44.31,0,0,44.31
2020-03-30 09:37:30,44.31,44.31,44.31,44.31,0,0,44.31
2020-03-30 09:37:31,44.31,44.31,44.31,44.31,0,0,44.31
2020-03-30 09:37:32,44.31,44.31,44.31,44.31,0,0,44.31
2020-03-30 09:37:33,44.31,44.31,44.31,44.31,0,0,44.31
2020-03-30 09:37:34,44.31,44.31,44.31,44.31,0,0,44.31
2020-03-30 09:37:35,44.31,44.31,44.31,44.31,0,0,44.31
2020-03-30 09:37:36,44.31,44.31,44.31,44.31,0,0,44.31
2020-03-30 09:37:37,44.31,44.31,44.31,44.31,0,0,44.31
2020-03-30 09:37:38,44.31,44.31,44.31,44.31,0,0,44.31
2020-03-30 09:37:39,44.31,44.31,44.31,44.31,0,0,44.31
2020-03-30 09:37:40,44.31,44.31,44.31,44.31,0,0,44.31
2020-03-30 09:37:41,44.31,44.31,44.31,44.31,0,0,44.31
2020-03-30 09:37:42,44.31,44.31,44.31,44.31,0,0,44.31
2020-03-30 09:37:43,44.31,44.31,44.31,44.31,0,0,44.31
2020-03-30 09:37:44,44.31,44.31,44.31,44.31,0,0,44.31
2020-03-30 09:37:45,44.31,44.31,44.31,44.31,0,0,44.31
2020-03-30 09:37:46,44.31,44.31,44.31,44.31,0,0,44.31
2020-03-30 09:37:47,44.31,44.31,44.31,44.31,0,0,44.31
2020-03-30 09:37:48,44.31,44.31,44.31,44.31,0,0,44.31
2020-03-30 09:37:49,44.31,44.31,44.31,44.31,0,0,44.31
2020-03-30 09:37:50,44.31,44.31,44.31,44.31,0,0,44.31
2020-03-30 09:37:51,44.31,44.31,44.31,44.31,0,0,44.31
2020-03-30 09:37:52,44.31,44.31,44.31,44.31,0,0,44.31
2020-03-30 09:37:53,44.82,44.82,44.82,44.82,1,1,44.82
2020-03-30 09:37:54,44.82,44.82,44.82,44.82,0,0,44.82
2020-03-30 09:37:55,44.82,44.82,44.82,44.82,0,0,44.82
2020-03-30 09:37:56,44.82,44.82,44.82,44.82,0,0,44.82
2020-03-30 09:37:57,44.82,44.82,44.82,44.82,0,0,44.82
2020-03-30 09:37:58,44.82,44.82,44.82,44.82,0,0,44.82
2020-03-30 09:37:59,44.82,44.82,44.82,44.82,0,0,44.82
2020-03-30 09:38:00,44.82,44.82,44.82,44.82,0,0,44.82
2020-03-30 09:38:01,44.82,44.82,44.82,44.82,0,0,44.82
2020-03-30 09:38:02,44.82,44.82,44.82,44.82,0,0,44.82
2020-03-30 09:38:03,44.82,44.82,44.82,44.82,0,0,44.82
2020-03-30 09:38:04,44.82,44.82,44.82,44.82,0,0,44.82
2020-03-30 09:38:05,44.82,44.82,44.82,44.82,0,0,44.82
2020-03-30 09:38:06,44.89,44.89,44.89,44.89,1,1,44.89
2020-03-30 09:38:07,44.89,44.89,44.89,44.89,0,0,44.89
2020-03-30 09:38:08,44.89,44.89,44.89,44.89,0,0,44.89
2020-03-30 09:38:09,44.89,44.89,44.89,44.89,0,0,44.89
2020-03-30 09:38:10,44.89,44.89,44.89,44.89,0,0,44.89
2020-03-30 09:38:11,44.89,44.89,44.89,44.89,0,0,44.89
2020-03-30 09:38:12,44.85,44.85,44.85,44.85,1,1,44.85
2020-03-30 09:38:13,44.85,44.85,44.85,44.85,0,0,44.85
2020-03-30 09:38:14,44.82,44.82,44.82,44.82,2,2,44.82
2020-03-30 09:38:15,44.82,44.82,44.82,44.82,0,0,44.82
2020-03-30 09:38:16,44.82,44.82,44.82,44.82,0,0,44.82
2020-03-30 09:38:17,44.82,44.82,44.82,44.82,0,0,44.82
2020-03-30 09:38:18,44.82,44.82,44.82,44.82,0,0,44.82
2020-03-30 09:38:19,44.82,44.82,44.82,44.82,0,0,44.82
2020-03-30 09:38:20,44.82,44.82,44.82,44.82,0,0,44.82
2020-03-30 09:38:21,44.82,44.82,44.82,44.82,0,0,44.82
2020-03-30 09:38:22,44.82,44.82,44.82,44.82,0,0,44.82
2020-03-30 09:38:23,44.82,44.82,44.82,44.82,0,0,44.82
2020-03-30 09:38:24,44.82,44.82,44.82,44.82,0,0,44.82
2020-03-30 09:38:25,44.82,44.82,44.82,44.82,0,0,44.82
2020-03-30 09:38:26,44.82,44.82,44.82,44.82,0,0,44.82
2020-03-30 09:38:27,44.82,44.82,44.82,44.82,0,0,44.82
2020-03-30 09:38:28,44.82,44.82,44.82,44.82,0,0,44.82
2020-03-30 09:38:29,44.82,44.82,44.82,44.82,0,0,44.82
2020-03-30 09:38:30,44.82,44.82,44.82,44.82,0,0,44.82
2020-03-30 09:38:31,44.82,44.82,44.82,44.82,0,0,44.82
2020-03-30 09:38:32,44.82,44.82,44.82,44.82,0,0,44.82
2020-03-30 09:38:33,44.82,44.82,44.82,44.82,0,0,44.82
2020-03-30 09:38:34,44.82,44.82,44.82,44.82,0,0,44.82
2020-03-30 09:38:35,44.82,44.82,44.82,44.82,0,0,44.82
2020-03-30 09:38:36,44.82,44.82,44.82,44.82,0,0,44.82
2020-03-30 09:38:37,44.82,44.82,44.82,44.82,0,0,44.82
2020-03-30 09:38:38,44.82,44.82,44.82,44.82,0,0,44.82
2020-03-30 09:38:39,44.82,44.82,44.82,44.82,0,0,44.82
2020-03-30 09:38:40,44.82,44.82,44.82,44.82,0,0,44.82
2020-03-30 09:38:41,44.82,44.82,44.82,44.82,0,0,44.82
2020-03-30 09:38:42,44.82,44.82,44.82,44.82,0,0,44.82
2020-03-30 09:38:43,44.82,44.82,44.82,44.82,0,0,44.82
2020-03-30 09:38:44,44.82,44.82,44.82,44.82,0,0,44.82
2020-03-30 09:38:45,44.82,44.82,44.82,44.82,0,0,44.82
2020-03-30 09:38:46,44.82,44.82,44.82,44.82,0,0,44.82
2020-03-30 09:38:47,44.82,44.82,44.82,44.82,0,0,44.82
2020-03-30 09:38:48,44.82,44.82,44.82,44.82,0,0,44.82
2020-03-30 09:38:49,44.82,44.82,44.82,44.82,0,0,44.82
2020-03-30 09:38:50,44.82,44.82,44.82,44.82,0,0,44.82
2020-03-30 09:38:51,44.82,44.82,44.82,44.82,0,0,44.82
2020-03-30 09:38:52,44.82,44.82,44.82,44.82,0,0,44.82
2020-03-30 09:38:53,44.82,44.82,44.82,44.82,0,0,44.82
2020-03-30 09:38:54,44.82,44.82,44.82,44.82,0,0,44.82
2020-03-30 09:38:55,44.82,44.82,44.82,44.82,0,0,44.82
2020-03-30 09:38:56,44.82,44.82,44.82,44.82,0,0,44.82
2020-03-30 09:38:57,44.82,44.82,44.82,44.82,0,0,44.82
2020-03-30 09:38:58,44.82,44.82,44.82,44.82,0,0,44.82
2020-03-30 09:38:59,44.82,44.82,44.82,44.82,0,0,44.82
2020-03-30 09:39:00,44.82,44.82,44.82,44.82,0,0,44.82
2020-03-30 09:39:01,44.82,44.82,44.82,44.82,0,0,44.82
2020-03-30 09:39:02,44.82,44.82,44.82,44.82,0,0,44.82
2020-03-30 09:39:03,44.82,44.82,44.82,44.82,0,0,44.82
2020-03-30 09:39:04,44.82,44.82,44.82,44.82,0,0,44.82
2020-03-30 09:39:05,44.82,44.82,44.82,44.82,0,0,44.82
2020-03-30 09:39:06,44.82,44.82,44.82,44.82,0,0,44.82
2020-03-30 09:39:07,44.82,44.82,44.82,44.82,0,0,44.82
2020-03-30 09:39:08,44.82,44.82,44.82,44.82,0,0,44.82
2020-03-30 09:39:09,44.82,44.82,44.82,44.82,0,0,44.82
2020-03-30 09:39:10,44.82,44.82,44.82,44.82,0,0,44.82
2020-03-30 09:39:11,44.82,44.82,44.82,44.82,0,0,44.82
2020-03-30 09:39:12,44.82,44.82,44.82,44.82,0,0,44.82
2020-03-30 09:39:13,44.89,44.89,44.89,44.89,1,1,44.89
2020-03-30 09:39:14,44.89,44.89,44.89,44.89,0,0,44.89
2020-03-30 09:39:15,44.89,44.89,44.89,44.89,0,0,44.89
2020-03-30 09:39:16,44.89,44.89,44.89,44.89,0,0,44.89
2020-03-30 09:39:17,44.89,44.89,44.89,44.89,0,0,44.89
2020-03-30 09:39:18,44.89,44.89,44.89,44.89,0,0,44.89
2020-03-30 09:39:19,44.89,44.89,44.89,44.89,0,0,44.89
2020-03-30 09:39:20,44.89,44.89,44.89,44.89,0,0,44.89
2020-03-30 09:39:21,44.89,44.89,44.89,44.89,0,0,44.89
2020-03-30 09:39:22,44.89,44.89,44.89,44.89,0,0,44.89
2020-03-30 09:39:23,44.89,44.89,44.89,44.89,0,0,44.89
2020-03-30 09:39:24,44.89,44.89,44.89,44.89,0,0,44.89
2020-03-30 09:39:25,44.89,44.89,44.89,44.89,0,0,44.89
2020-03-30 09:39:26,44.89,44.89,44.89,44.89,0,0,44.89
2020-03-30 09:39:27,44.87,44.87,44.81,44.81,4,3,44.84
2020-03-30 09:39:28,44.81,44.81,44.81,44.81,0,0,44.81
2020-03-30 09:39:29,44.81,44.81,44.81,44.81,0,0,44.81
2020-03-30 09:39:30,44.86,44.86,44.86,44.86,1,1,44.86
2020-03-30 09:39:31,44.86,44.86,44.86,44.86,0,0,44.86
2020-03-30 09:39:32,44.86,44.86,44.86,44.86,0,0,44.86
2020-03-30 09:39:33,44.86,44.86,44.86,44.86,0,0,44.86
2020-03-30 09:39:34,44.86,44.86,44.86,44.86,0,0,44.86
2020-03-30 09:39:35,44.86,44.86,44.86,44.86,0,0,44.86
2020-03-30 09:39:36,44.86,44.86,44.86,44.86,0,0,44.86
2020-03-30 09:39:37,44.86,44.86,44.86,44.86,0,0,44.86
2020-03-30 09:39:38,44.86,44.86,44.86,44.86,0,0,44.86
2020-03-30 09:39:39,44.86,44.86,44.86,44.86,0,0,44.86
2020-03-30 09:39:40,44.86,44.86,44.86,44.86,0,0,44.86
2020-03-30 09:39:41,44.86,44.86,44.86,44.86,0,0,44.86
2020-03-30 09:39:42,44.86,44.86,44.86,44.86,0,0,44.86
2020-03-30 09:39:43,44.86,44.86,44.86,44.86,0,0,44.86
2020-03-30 09:39:44,44.86,44.86,44.86,44.86,0,0,44.86
2020-03-30 09:39:45,44.86,44.86,44.86,44.86,0,0,44.86
2020-03-30 09:39:46,44.86,44.86,44.86,44.86,0,0,44.86
2020-03-30 09:39:47,44.86,44.86,44.86,44.86,0,0,44.86
2020-03-30 09:39:48,44.86,44.86,44.86,44.86,0,0,44.86
2020-03-30 09:39:49,44.86,44.86,44.86,44.86,0,0,44.86
2020-03-30 09:39:50,44.86,44.86,44.86,44.86,0,0,44.86
2020-03-30 09:39:51,44.86,44.86,44.86,44.86,0,0,44.86
2020-03-30 09:39:52,44.86,44.86,44.86,44.86,0,0,44.86
2020-03-30 09:39:53,44.86,44.86,44.86,44.86,0,0,44.86
2020-03-30 09:39:54,44.86,44.86,44.86,44.86,0,0,44.86
2020-03-30 09:39:55,44.86,44.86,44.86,44.86,0,0,44.86
2020-03-30 09:39:56,44.86,44.86,44.86,44.86,0,0,44.86
2020-03-30 09:39:57,44.86,44.86,44.86,44.86,0,0,44.86
2020-03-30 09:39:58,44.86,44.86,44.86,44.86,0,0,44.86
2020-03-30 09:39:59,44.86,44.86,44.86,44.86,0,0,44.86
